drop database if exists web_project_2024;
create database web_project_2024;
use web_project_2024;

create table `buildingLocation`(
    `latitude` decimal(30, 20) not null,
    `longitude` decimal(30, 20) not null
);
insert into `buildingLocation` values (38.18449777869458, 21.748924248386178);

create table `admin`(
    `id` int PRIMARY KEY AUTO_INCREMENT,
    `username` varchar(200) NOT NULL,
    `password` varchar(200) NOT NULL,
    `name` varchar(200) NOT NULL,
    `phone` varchar(200) NOT NULL
);
insert into `admin` values (1, 'admin', 'admin', 'admin', '6985421578');

create table `savior`(
    `id` int PRIMARY KEY AUTO_INCREMENT,
    `username` varchar(200) NOT NULL,
    `password` varchar(200) NOT NULL,
    `name` varchar(200) NOT NULL,
    `phone` varchar(200) NOT NULL,
    `latitude` decimal(30, 20) not null,
    `longitude` decimal(30, 20) not null
);
insert into `savior` values
(1, 'Koo', 'Koo98419', 'Koo', '6974908038', 38.26316066943996, 21.76599056136748),
(2, 'Maxi', 'Maxi79070', 'Maxi', '6935180777', 38.208025258837544, 21.7404354239111),
(3, 'Beulah', 'Beulah33208', 'Beulah', '6969521632', 38.193273844424816, 21.72834115172058),
(4, 'Andreana', 'Andreana1578', 'Andreana', '6945918756', 38.19237762145259, 21.73075799035247),
(5, 'Conchita', 'Conchita2182', 'Conchita', '6916184401', 38.22028517587048, 21.735290399906006);

drop table if exists `item`;
create table `item`(
    `id` int PRIMARY KEY AUTO_INCREMENT,
    `name` varchar(200) NOT NULL,
    `category` varchar(200) NOT NULL,
    `quantity` int DEFAULT 0
);
insert into `item` values
(16, 'Water', 'Beverages', 25),
(17, 'Orange juice', 'Beverages', 44),
(18, 'Sardines', 'Food', 27),
(19, 'Canned corn', 'Food', 24),
(20, 'Bread', 'Food', 33),
(21, 'Chocolate', 'Food', 9),
(22, 'Men Sneakers', 'Clothing', 12),
(23, 'Test Product', '2d hacker', 27),
(24, 'Test Val', 'Flood', 37),
(25, 'Spaghetti', 'Food', 2),
(26, 'Croissant', 'Food', 43),
(29, 'Biscuits', 'Food', 5),
(30, 'Bandages', 'Medical Supplies', 0),
(31, 'Disposable gloves', 'Medical Supplies', 15),
(32, 'Gauze', 'Medical Supplies', 46),
(33, 'Antiseptic', 'Medical Supplies', 12),
(34, 'First Aid Kit', 'Medical Supplies', 18),
(35, 'Painkillers', 'Medical Supplies', 32),
(36, 'Blanket', 'Clothing', 24),
(37, 'Fakes', 'Food', 15),
(38, 'Menstrual Pads', 'Personal Hygiene ', 6),
(39, 'Tampon', 'Personal Hygiene ', 34),
(40, 'Toilet Paper', 'Personal Hygiene ', 26),
(41, 'Baby wipes', 'Personal Hygiene ', 16),
(42, 'Toothbrush', 'Personal Hygiene ', 2),
(43, 'Toothpaste', 'Personal Hygiene ', 50),
(44, 'Vitamin C', 'Medical Supplies', 24),
(45, 'Multivitamines', 'Medical Supplies', 20),
(46, 'Paracetamol', 'Medical Supplies', 11),
(47, 'Ibuprofen', 'Medical Supplies', 6),
(51, 'Cleaning rag', 'Cleaning Supplies', 32),
(52, 'Detergent', 'Cleaning Supplies', 35),
(53, 'Disinfectant', 'Cleaning Supplies', 23),
(54, 'Mop', 'Cleaning Supplies', 20),
(55, 'Plastic bucket', 'Cleaning Supplies', 2),
(56, 'Scrub brush', 'Cleaning Supplies', 36),
(57, 'Dust mask', 'Cleaning Supplies', 44),
(58, 'Broom', 'Cleaning Supplies', 24),
(59, 'Hammer', 'Tools', 21),
(60, 'Skillsaw', 'Tools', 23),
(61, 'Prybar', 'Tools', 17),
(62, 'Shovel', 'Tools', 18),
(63, 'Flashlight', 'Tools', 31),
(64, 'Duct tape', 'Tools', 31),
(65, 'Underwear', 'Clothing', 26),
(66, 'Socks', 'Clothing', 2),
(67, 'Warm Jacket', 'Clothing', 12),
(68, 'Raincoat', 'Clothing', 48),
(69, 'Gloves', 'Clothing', 30),
(70, 'Pants', 'Clothing', 35),
(71, 'Boots', 'Clothing', 10),
(72, 'Dishes', 'Kitchen Supplies', 7),
(73, 'Pots', 'Kitchen Supplies', 23),
(74, 'Paring knives', 'Kitchen Supplies', 14),
(75, 'Pan', 'Kitchen Supplies', 14),
(76, 'Glass', 'Kitchen Supplies', 38),
(83, 't22', '2d hacker', 26),
(84, 'water ', 'Beverages', 12),
(85, 'Coca Cola', 'Beverages', 50),
(86, 'spray', 'Insect Repellents', 39),
(87, 'Outdoor spiral', 'Insect Repellents', 35),
(88, 'Baby bottle', 'Baby Essentials', 13),
(89, 'Pacifier', 'Baby Essentials', 40),
(90, 'Condensed milk', 'Food', 18),
(91, 'Cereal bar', 'Food', 26),
(92, 'Pocket Knife', 'Tools', 45),
(93, 'Water Disinfection Tablets', 'Medical Supplies', 46),
(94, 'Radio', 'Electronic Devices', 46),
(95, 'Kitchen appliances', 'Flood', 12),
(96, 'Winter hat', 'Cold weather', 24),
(97, 'Winter gloves', 'Cold weather', 5),
(98, 'Scarf', 'Cold weather', 44),
(99, 'Thermos', 'Cold weather', 19),
(100, 'Tea', 'Beverages', 32),
(101, 'Dog Food ', 'Animal Food', 6),
(102, 'Cat Food', 'Animal Food', 43),
(103, 'Canned', 'Food', 32),
(104, 'Chlorine', 'Cleaning Supplies', 9),
(105, 'Medical gloves', 'Cleaning Supplies', 12),
(106, 'T-Shirt', 'Clothing', 45),
(107, 'Cooling Fan', 'Hot Weather', 35),
(108, 'Cool Scarf', 'Hot Weather', 25),
(109, 'Whistle', 'Tools', 4),
(110, 'Blankets', 'Cold weather', 38),
(111, 'Sleeping Bag', 'Cold weather', 14),
(112, 'Toothbrush', 'Personal Hygiene ', 2),
(113, 'Toothpaste', 'Personal Hygiene ', 47),
(114, 'Thermometer', 'Medical Supplies', 36),
(115, 'Rice', 'Food', 27),
(116, 'Bread', 'Food', 6),
(117, 'Towels', 'Cleaning Supplies', 36),
(118, 'Wet Wipes', 'Cleaning Supplies', 31),
(119, 'Fire Extinguisher', 'Tools', 30),
(120, 'Fruits', 'Food', 8),
(121, 'Duct Tape', 'Tools', 41),
(123, 'Αθλητικά', 'Shoes', 3),
(124, 'Πασατέμπος', 'Food', 48),
(125, 'Bandages', 'First Aid ', 30),
(126, 'Betadine', 'First Aid ', 1),
(127, 'cotton wool', 'First Aid ', 38),
(128, 'Crackers', 'Food', 36),
(129, 'Sanitary Pads', 'Personal Hygiene ', 50),
(130, 'Sanitary wipes', 'Personal Hygiene ', 32),
(131, 'Electrolytes', 'Medical Supplies', 2),
(132, 'Pain killers', 'Medical Supplies', 15),
(133, 'Flashlight', 'Tools', 14),
(134, 'Juice', 'Beverages', 30),
(135, 'Toilet Paper', 'Personal Hygiene ', 49),
(136, 'Sterilized Saline', 'Medical Supplies', 18),
(137, 'Biscuits', 'Food', 18),
(138, 'Antihistamines', 'Medical Supplies', 7),
(139, 'Instant Pancake Mix', 'Food', 10),
(140, 'Lacta', 'Food', 20),
(141, 'Canned Tuna', 'Food', 19),
(142, 'Batteries', 'Tools', 28),
(143, 'Dust Mask', 'First Aid ', 42),
(144, 'Can Opener', 'Tools', 38),
(146, 'Πατατάκια', 'Food', 48),
(147, 'Σερβιέτες', 'Personal Hygiene ', 41),
(148, 'Dry Cranberries', 'Food', 27),
(149, 'Dry Apricots', 'Food', 17),
(150, 'Dry Figs', 'Food', 3),
(151, 'Παξιμάδια', 'Food', 13),
(153, 'Test Item', 'Test', 25),
(154, 'Painkillers', 'First Aid ', 24),
(155, 'Tampons', 'Medical Supplies', 22),
(156, 'plaster set', 'pet supplies', 13),
(157, 'elastic bandages', 'pet supplies', 46),
(158, 'traumaplast', 'pet supplies', 37),
(159, 'thermal blanket', 'pet supplies', 11),
(160, 'burn gel', 'pet supplies', 24),
(161, 'pet carrier', 'pet supplies', 15),
(162, 'pet dishes', 'pet supplies', 30),
(163, 'plastic bags', 'pet supplies', 34),
(164, 'toys', 'pet supplies', 3),
(165, 'burn pads', 'pet supplies', 50),
(166, 'cheese', 'Food', 30),
(167, 'lettuce', 'Food', 3),
(168, 'eggs', 'Food', 28),
(169, 'steaks', 'Food', 7),
(170, 'beef burgers', 'Food', 1),
(171, 'tomatoes', 'Food', 1),
(172, 'onions', 'Food', 37),
(173, 'flour', 'Food', 35),
(174, 'pastel', 'Food', 32),
(175, 'nuts', 'Food', 19),
(176, 'dramamines', 'Μedicines', 40),
(177, 'nurofen', 'Μedicines', 28),
(178, 'imodium', 'Μedicines', 32),
(179, 'emetostop', 'Μedicines', 10),
(180, 'xanax', 'Μedicines', 38),
(181, 'saflutan', 'Μedicines', 8),
(182, 'sadolin', 'Μedicines', 40),
(183, 'depon', 'Μedicines', 18),
(184, 'panadol', 'Μedicines', 24),
(185, 'ponstan ', 'Μedicines', 24),
(186, 'algofren', 'Μedicines', 21),
(187, 'effervescent depon', 'Μedicines', 7),
(188, 'cold coffee', 'Beverages', 28),
(189, 'Hell', 'Energy Drinks', 36),
(190, 'Monster', 'Energy Drinks', 37),
(191, 'Redbull', 'Energy Drinks', 18),
(192, 'Powerade', 'Energy Drinks', 14),
(193, 'PRIME', 'Energy Drinks', 18),
(194, 'Lighter', 'Tools', 12),
(195, 'isothermally shirts', 'Cold weather', 29),
(197, 'Depon', 'Μedicines', 40),
(198, 'Shorts', 'Hot Weather', 10),
(199, 'Chicken', 'Food', 47),
(200, 'Toilet Paper', 'Personal Hygiene ', 19),
(201, 'toys', 'pet supplies', 3),
(202, 'sanitary napkins', 'Personal Hygiene ', 26),
(203, 'COVID-19 Tests', 'Medical Supplies', 1),
(204, 'Club Soda', 'Beverages', 38),
(205, 'Wheelchairs', 'Disability and Assistance Items', 48),
(206, 'mobile phones', 'Communication items', 21),
(207, 'spoon', 'Kitchen Supplies', 42),
(208, 'fork', 'Kitchen Supplies', 23),
(209, 'MOTOTRBO R7', 'Communication items', 36),
(210, 'RM LA 250 (VHF Linear Ενισχυτής 140-150MHz)', 'Communication items', 16),
(211, 'Humanitarian General Purpose Tent System (HGPTS)', 'Humanitarian Shelters', 39),
(212, 'CELINA Dynamic Small Shelter ', 'Humanitarian Shelters', 0),
(213, 'Multi-purpose Area Shelter System, Type-I', 'Humanitarian Shelters', 43),
(214, 'Trousers', 'Clothing', 6),
(215, 'Shoes', 'Clothing', 33),
(216, 'Hoodie', 'Clothing', 48),
(218, 'dog food', 'Animal Care', 25),
(219, 'cat food', 'Animal Care', 26),
(220, 'macaroni', 'Food', 3),
(221, 'rice', 'Food', 15),
(222, 'scarf', 'Clothing', 35),
(223, 'gloves', 'Clothing', 22),
(224, 'underwear', 'Clothing', 17),
(225, 'Silver blanket', 'Earthquake Safety', 13),
(226, 'Helmet', 'Earthquake Safety', 44),
(227, 'Disposable toilet', 'Earthquake Safety', 31),
(228, 'Self-generated flashlight', 'Earthquake Safety', 34),
(229, 'Mattresses ', 'Sleep Essentilals', 39),
(230, 'flashlight', 'Sleep Essentilals', 43),
(231, 'matches', 'Sleep Essentilals', 15),
(232, 'Heater', 'Sleep Essentilals', 12),
(233, 'Earplugs', 'Sleep Essentilals', 23),
(234, 'Compass', 'Navigation Tools', 4),
(235, 'Map', 'Navigation Tools', 30),
(236, 'GPS', 'Navigation Tools', 39),
(237, 'First Aid', 'Medical Supplies', 8),
(238, 'Bandage', 'Medical Supplies', 4),
(239, 'Mask', 'Medical Supplies', 5),
(240, 'Medicines', 'Medical Supplies', 16),
(241, 'Water', 'Food', 33),
(242, 'Canned Goods', 'Food', 25),
(243, 'Snacks', 'Food', 35),
(244, 'Cereals', 'Food', 48),
(245, 'Blankets', 'Clothing and cover', 48),
(246, 'Shirt', 'Clothing and cover', 49),
(247, 'Pants', 'Clothing and cover', 35),
(248, 'Shoes', 'Clothing and cover', 6),
(249, 'Socks', 'Clothing and cover', 24),
(250, 'Caps', 'Clothing and cover', 6),
(251, 'Gloves', 'Clothing and cover', 28),
(252, 'Flashlight', 'Tools and Equipment', 25),
(253, 'Batteries', 'Tools and Equipment', 12),
(254, 'Repair Tools', 'Tools and Equipment', 20),
(255, 'Soap and Shampoo', 'Personal Hygiene ', 26),
(256, 'Toothpastes and Toothbrushes', 'Personal Hygiene ', 46),
(257, 'Towels', 'Personal Hygiene ', 27),
(258, 'Diapers', 'Special items', 33),
(259, 'Animal food', 'Special items', 17),
(260, 'Pots', 'Household Items', 4),
(261, 'Plates', 'Household Items', 19),
(262, 'Cups', 'Household Items', 11),
(263, 'Cutlery ', 'Household Items', 9),
(264, 'Cleaning Supplies', 'Household Items', 10),
(265, 'Kitchen Appliances', 'Household Items', 41),
(266, 'Home Repair Tools', 'Household Items', 32);

drop table if exists `saviorItems`;
create table `saviorItems`(
    `savior_id` int,
    `item_id` int not null,
    `quantity` int not null,
    foreign key (savior_id) references savior(id),
    foreign key (item_id) references item(id),
    primary key (savior_id, item_id)
);
insert into `saviorItems` values
(2, 35, 6),
(3, 86, 12),
(3, 238, 12),
(3, 242, 13),
(4, 33, 5),
(5, 16, 10),
(5, 39, 6);

drop table if exists `citizen`;
create table `citizen`(
    `id` int PRIMARY KEY AUTO_INCREMENT,
    `username` varchar(200) NOT NULL,
    `password` varchar(200) NOT NULL,
    `name` varchar(200) NOT NULL,
    `phone` varchar(200) NOT NULL,
    `latitude` decimal(30, 20) not null,
    `longitude` decimal(30, 20) not null
);
insert into `citizen` values
(1, 'Nessy', 'Nessy201', 'Nessy', '6985245768', 38.24425594383999, 21.75199857203879),
(2, 'Jodie', 'Jodie95052', 'Jodie', '6904571414', 38.2134667505877, 21.73119199107629),
(3, 'Edita', 'Edita68067', 'Edita', '6931630902', 38.195448715094514, 21.72118829243012),
(4, 'Bridgette', 'Bridgette0775', 'Bridgette', '6943730479', 38.245373732098045, 21.743031046571033),
(5, 'Layne', 'Layne19740', 'Layne', '6968743291', 38.20853806464814, 21.742814728989092),
(6, 'Norma', 'Norma0355', 'Norma', '6980242077', 38.22076827190962, 21.75156149457727),
(7, 'Marthe', 'Marthe6262', 'Marthe', '6934273485', 38.19155347730487, 21.719706581408115),
(8, 'Ronda', 'Ronda177', 'Ronda', '6982291962', 38.222069840926835, 21.76731804146326),
(9, 'Maria', 'Maria3488', 'Maria', '6961052214', 38.248893141906436, 21.74966108273149),
(10, 'Barbra', 'Barbra59375', 'Barbra', '6991177217', 38.25587559710816, 21.754323095546813);

drop table if exists `detail`;
create table `detail`(
    `item_id` int NOT NULL,
    `name` varchar(50),
    `value` varchar(50),
    FOREIGN KEY (item_id) REFERENCES item(id)
);
insert into `detail` values
(16, 'volume', '1.5l'),
(16, 'pack size', '6'),
(17, 'volume', '250ml'),
(17, 'pack size', '12'),
(18, 'brand', 'Trata'),
(18, 'weight', '200g'),
(19, 'weight', '500g'),
(20, 'weight', '1kg'),
(20, 'type', 'white'),
(21, 'weight', '100g'),
(21, 'type', 'milk chocolate'),
(21, 'brand', 'ION'),
(22, 'size', '44'),
(23, 'weight', '500g'),
(23, 'pack size', '12'),
(23, 'expiry date', '13/12/1978'),
(24, 'Details', '600ml'),
(25, 'grams', '500'),
(26, 'calories', '200'),
(35, 'volume', '200mg'),
(36, 'size', '50" x 60"'),
(38, 'stock', '500'),
(38, 'size', '3'),
(39, 'stock', '500'),
(39, 'size', 'regular'),
(40, 'stock', '300'),
(40, 'ply', '3'),
(41, 'volume', '500gr'),
(41, 'stock ', '500'),
(41, 'scent', 'aloe'),
(42, 'stock', '500'),
(43, 'stock', '250'),
(44, 'stock', '200'),
(45, 'stock', '200'),
(46, 'stock', '2000'),
(46, 'dosage', '500mg'),
(47, 'stock ', '10'),
(47, 'dosage', '200mg'),
(83, 'wtwty', 'wytwty'),
(85, 'Volume', '500ml'),
(86, 'volume', '75ml'),
(87, 'duration', '7 hours'),
(88, 'volume', '250ml'),
(89, 'material', 'silicone'),
(90, 'weight', '400gr'),
(91, 'weight', '23,5gr'),
(92, 'Number of different tools', '3'),
(92, 'Tool', 'Knife'),
(92, 'Tool', 'Screwdriver'),
(92, 'Tool', 'Spoon'),
(93, 'Basic Ingredients', 'Iodine'),
(93, 'Suggested for', 'Everyone expept pregnant women'),
(94, 'Power', 'Batteries'),
(94, 'Frequencies Range', '3 kHz - 3000 GHz'),
(100, 'volume', '500ml'),
(101, 'volume', '500g'),
(102, 'volume', '500g'),
(104, 'volume', '500ml'),
(105, 'volume', '20pieces'),
(106, 'size', 'XL'),
(125, 'Adhesive', '2 meters'),
(126, 'Povidone iodine 10%', '240 ml'),
(127, '100% Hydrofile', '70gr'),
(128, 'Quantity per package', '10'),
(128, 'Packages', '2'),
(129, 'piece', '10 pieces'),
(130, 'pank', '10 packs'),
(131, 'packet of pills', '20 pills'),
(132, 'packet of pills', '20 pills'),
(133, 'pieces', '1'),
(134, 'volume', '500ml'),
(135, 'rolls', '1 roll'),
(136, 'volume', '100ml'),
(137, 'packet', '1 packet'),
(138, 'pills', '10 pills'),
(140, 'weight', '105g'),
(146, 'weight', '45g'),
(147, 'pcs', '18'),
(148, 'weight', '100'),
(149, 'weight', '100'),
(150, 'weight', '100'),
(151, 'weight', '200g'),
(153, 'volume', '200g'),
(154, 'Potency', 'High'),
(160, 'ml', '500'),
(166, 'grams', '1000'),
(167, 'grams', '500'),
(168, 'pair', '10'),
(169, 'grams', '1000'),
(170, 'grams', '500'),
(171, 'grams', '1000'),
(172, 'grams', '500'),
(173, 'grams', '1000'),
(175, 'grams', '500'),
(186, '10', '600ml'),
(187, '67', '1000mg'),
(188, '10', '330ml'),
(189, '22', '330'),
(190, '31', '500ml'),
(191, '40', '330ml'),
(192, '23', '500ml'),
(193, '15', '500ml'),
(194, '16', 'Mini'),
(195, '5', 'Medium'),
(195, '6', 'Large'),
(195, '10', 'Small'),
(195, '2', 'XL'),
(197, '10', '500mg'),
(199, '5', '1.5kg'),
(200, '20', '200g'),
(202, '30', '500g'),
(204, 'volume', '500ml'),
(205, 'quantity', '100'),
(206, 'iphone', '200'),
(209, 'band', 'UHF/VHF'),
(209, 'Wi-Fi', '2,4/5,0 GHz'),
(209, 'Bluetooth', '5.2'),
(209, 'Οθόνη', '2,4” 320 x 240 px. QVGA'),
(209, 'διάρκεια ζωής της μπαταρίας', '28 ώρες'),
(210, 'Frequency', '140-150Mhz'),
(210, 'Power Supply', '13VDC /- 1V 40A'),
(210, 'Output RF Power (Nominal)', '30 – 210W ; 230W max AM/FM/CW'),
(210, 'Modulation Types', 'SSB,CW,AM, FM, data etc (All narrowband modes)'),
(211, 'PART NUMBER', 'C14Y016X016-T'),
(211, 'CONTRACTOR NAME:', 'CELINA Tent, Inc'),
(211, 'COLOR', 'Tan'),
(211, 'SET-UP TIME/NUMBER OF PERSONS', '4 People/30 Minutes'),
(212, 'dimensions', ' 20’x32.5’'),
(212, 'TYPE', 'Frame Structure, Expandable, Air-Transportable'),
(212, 'WEIGHT', '1,200 lbs'),
(213, 'TYPE', 'Frame Structure, Expandable, Air- Transportable'),
(213, 'DIMENSIONS', 'E I-40’x80’'),
(213, 'WEIGHT', '24,000 lbs'),
(218, 'weight', '1k'),
(219, 'weight', '1k'),
(229, 'size', '1.90X60'),
(230, 'light', 'blue'),
(231, 'pack', '60'),
(232, 'Volts', '208'),
(233, 'material', 'plastic'),
(234, 'Type', 'Digital'),
(235, 'Material', 'Paper'),
(236, 'Type', 'Waterproof'),
(237, '1', '1'),
(241, '6', '1500ml'),
(242, '2', '80g'),
(243, '3', '100g'),
(244, '1', '800g'),
(253, 'AAA', '5'),
(255, '1', '200ml');

drop table if exists `request`;
create table `request`(
    `id` int PRIMARY KEY auto_increment,
    `citizen_id` int,
    `item_id` int,
    `num_of_people` int NOT NULL,
    `created_date` datetime DEFAULT CURRENT_TIMESTAMP,
    `savior_id` int default NULL,
    `took_over_date` datetime DEFAULT NULL,
    `finished_date` datetime DEFAULT NULL,
    FOREIGN KEY (citizen_id) REFERENCES citizen(id),
    FOREIGN KEY (item_id) REFERENCES item(id),
    FOREIGN KEY (savior_id) REFERENCES savior(id)
);
set @from_date = '2024-04-01 00:00:00';
set @to_date = CURRENT_TIMESTAMP;
-- random date generator from the `@from_date` to the `@to_date`:
-- TIMESTAMPADD(SECOND, FLOOR(RAND() * TIMESTAMPDIFF(SECOND, @from_date, @to_date)), @from_date)
insert into `request` (citizen_id, item_id, num_of_people, created_date) values
(1, 16, 7, TIMESTAMPADD(SECOND, FLOOR(RAND() * TIMESTAMPDIFF(SECOND, @from_date, @to_date)), @from_date)),
(2, 17, 13, TIMESTAMPADD(SECOND, FLOOR(RAND() * TIMESTAMPDIFF(SECOND, @from_date, @to_date)), @from_date)),
(3, 35, 9, TIMESTAMPADD(SECOND, FLOOR(RAND() * TIMESTAMPDIFF(SECOND, @from_date, @to_date)), @from_date)),
(3, 86, 17, TIMESTAMPADD(SECOND, FLOOR(RAND() * TIMESTAMPDIFF(SECOND, @from_date, @to_date)), @from_date));

drop table if exists `offer`;
create table `offer`(
    `id` int PRIMARY KEY AUTO_INCREMENT,
    `citizen_id` int,
    `item_id` int,
    `quantity` int not null,
    `created_date` datetime default CURRENT_TIMESTAMP,
    `savior_id` int default null,
    `took_over_date` datetime default null,
    `finished_date` datetime default null,
    `canceled` boolean default false,
    foreign key (citizen_id) references citizen(id),
    foreign key (item_id) references item(id),
    foreign key (savior_id) references savior(id)
);

set @offer_1_created_date = TIMESTAMPADD(SECOND, FLOOR(RAND() * TIMESTAMPDIFF(SECOND, @from_date, @to_date)), @from_date);
set @offer_2_created_date = TIMESTAMPADD(SECOND, FLOOR(RAND() * TIMESTAMPDIFF(SECOND, @from_date, @to_date)), @from_date);
set @offer_3_created_date = TIMESTAMPADD(SECOND, FLOOR(RAND() * TIMESTAMPDIFF(SECOND, @from_date, @to_date)), @from_date);

insert into `offer` (citizen_id, item_id, quantity, canceled, created_date) values
(4, 16, 5, false, @offer_1_created_date),
(5, 17, 8, false, @offer_2_created_date),
(5, 35, 7, false, @offer_3_created_date);

drop table if exists announcement;
create table announcement(
    `id` int primary key auto_increment,
    `created_date` datetime default CURRENT_TIMESTAMP
);
-- get the date 2 days before @from_date:
-- select DATE_SUB(@from_date, INTERVAL 2 DAY) as 2_days_before_from_date;
insert into `announcement` (id, created_date) VALUES
(1, DATE_SUB(@offer_1_created_date, INTERVAL 2 DAY)),
(2, DATE_SUB(@offer_2_created_date, INTERVAL 2 DAY)),
(3, DATE_SUB(@offer_3_created_date, INTERVAL 2 DAY));

drop table if exists announProd;
create table announProd(
    `announcementId` int,
    `item_id` int,
    foreign key (item_id) references item(id),
    foreign key (announcementId) references announcement(id)
);
insert into `announProd` (announcementId, item_id) VALUES
(1, 16),
(2, 17),
(3, 35);
